hidden_layers,learning_rate,mse
3,0.001,6.604322910308838
3,0.0001,7.864006042480469
2,0.001,87.42633565266927
1,0.0001,1057.4143880208333
1,1e-05,5791.620279947917
