hidden_layers,learning_rate,mse
3,0.01,5.9269053141276045
2,0.01,6.022456328074138
1,0.01,6.271015644073486
3,0.001,6.585596879323323
1,0.001,7.137807369232178
