hidden_layers,learning_rate,mse
2,0.01,89.13245900472005
1,0.01,90.07626851399739
3,0.01,92.99512481689453
3,0.001,162.66045125325522
2,0.001,162.7139638264974
