hidden_layers,learning_rate,mse
1,0.001,101.964111328125
3,0.01,106.95556894938152
1,0.01,111.09084828694661
2,0.01,136.15325164794922
3,0.001,137.59996795654297
